DeviceID,IP Address
D000380,162.198.218.92
D000051,13.149.61.4
D000235,215.97.143.157
D000187,200.13.225.150
D000308,65.164.3.100
D000579,117.67.192.211
D000241,140.212.253.222
D000500,92.214.76.157
D000690,24.148.92.177
D000199,32.169.88.41
D000205,213.15.9.253
D000589,116.175.11.222
D000032,210.98.198.143
D000054,193.83.0.183
D000309,188.124.181.12
D000466,221.169.49.152
D000671,53.218.177.171
D000432,114.223.129.47
D000530,93.218.115.132
D000039,120.170.93.69
D000152,116.44.12.250
D000268,59.132.247.252
D000142,133.63.96.21
D000162,191.82.103.198
D000036,119.186.154.104
D000671,81.248.235.147
D000046,55.154.161.250
D000310,21.28.32.1
D000232,152.234.65.155
D000297,33.28.138.82
D000587,35.67.21.23
D000282,187.199.178.27
D000621,133.67.250.163
D000111,134.140.85.231
D000357,92.214.76.157
D000042,59.145.242.13
D000250,33.28.138.82
D000448,73.108.76.238
D000077,49.29.37.185
D000038,49.20.211.229
D000557,6.234.101.35
D000627,109.105.179.186
D000198,60.89.202.192
D000197,173.135.78.201
D000685,77.208.193.198
D000297,197.162.55.147
D000103,113.115.81.178
D000397,186.135.2.148
D000284,93.146.251.20
D000304,124.6.134.78
D000661,139.23.212.102
D000598,179.43.245.131
D000235,194.174.252.1
D000442,42.219.228.159
D000642,186.135.2.148
D000013,81.102.230.41
D000462,1.198.76.182
D000311,198.73.211.114
D000145,186.54.68.246
D000089,198.166.198.233
D000233,27.143.109.203
D000285,7.146.35.122
D000516,9.230.41.239
D000548,125.225.212.244
D000461,155.164.18.235
D000098,145.246.171.225
D000435,92.214.76.157
D000305,131.41.45.13
D000128,46.150.175.171
D000684,125.89.163.224
D000201,40.226.196.34
D000410,65.164.3.100
D000180,9.230.41.239
D000295,152.140.239.181
D000231,193.83.0.183
D000073,156.173.170.140
D000070,60.153.124.80
D000363,94.37.250.128
D000561,162.198.218.92
D000375,130.92.201.49
D000488,86.103.2.29
D000097,131.41.45.13
D000206,21.97.154.92
D000616,36.13.239.172
D000494,167.104.180.235
D000574,165.114.224.47
D000428,16.131.3.140
D000018,8.243.4.138
D000453,132.127.5.187
D000141,186.54.68.246
D000322,101.223.82.253
D000481,133.223.159.151
D000526,60.43.160.195
D000645,168.36.49.167
D000178,165.38.56.205
D000622,193.108.17.115
D000019,175.230.206.232
D000192,62.152.134.92
D000093,149.84.108.18
D000528,134.222.122.238
D000321,18.72.115.111
D000528,34.125.226.63
D000607,21.28.32.1
D000164,204.34.243.93
D000647,111.226.226.202
D000078,96.115.67.230
D000182,115.218.48.83
D000028,174.61.77.54
D000518,216.151.64.40
D000469,197.162.55.147
D000400,77.7.223.184
D000536,44.197.126.59
D000477,143.212.47.226
D000574,51.250.122.123
D000655,188.124.181.12
D000673,44.73.3.217
D000266,85.240.254.83
D000256,101.90.40.193
D000544,98.255.160.110
D000663,124.6.134.78
D000489,45.64.74.86
D000434,69.82.61.135
D000314,79.227.202.117
D000037,26.240.219.199
D000021,63.67.150.226
D000112,195.226.203.234
D000042,92.214.76.157
D000276,101.223.82.253
D000687,77.21.150.75
D000015,53.218.177.171
D000118,147.234.20.46
D000052,203.99.96.114
D000339,65.27.212.129
D000236,85.240.254.83
D000635,62.251.170.72
D000465,161.177.41.214
D000170,138.87.180.254
D000426,203.99.96.114
D000661,100.4.40.132
D000553,45.182.28.148
D000556,18.72.115.111
D000522,121.67.144.20
D000439,197.162.55.147
D000600,96.115.67.230
D000369,33.212.169.157
D000241,163.129.70.210
D000292,202.194.199.70
D000109,23.92.205.75
D000330,140.212.253.222
D000158,3.157.63.220
D000413,216.151.64.40
D000548,113.115.81.178
D000605,216.32.4.105
D000070,210.160.90.52
D000481,82.88.241.226
D000226,34.92.221.183
D000436,182.225.2.156
D000108,191.91.45.159
D000678,111.78.64.133
D000310,215.97.143.157
D000491,167.104.180.235
D000076,128.16.32.183
D000456,10.144.131.89
D000115,161.168.126.136
D000281,198.39.35.23
D000371,161.71.2.223
D000001,141.121.30.32
D000606,110.150.1.201
D000281,183.39.94.209
D000148,219.193.239.152
D000436,139.23.212.102
D000309,7.105.184.86
D000666,130.92.201.49
D000327,184.59.28.72
D000061,120.170.93.69
D000059,155.37.19.43
D000213,93.52.44.101
D000424,110.235.207.187
D000455,61.95.76.233
D000036,177.116.108.246
D000030,1.198.76.182
D000150,223.32.70.156
D000272,156.173.170.140
D000142,101.223.82.253
D000626,193.108.17.115
D000301,30.229.179.194
D000208,32.240.176.64
D000091,200.22.195.243
D000503,10.191.172.154
D000414,147.119.62.178
D000569,188.124.181.12
D000631,206.62.122.93
D000173,42.61.10.112
D000538,170.225.23.251
D000466,198.24.183.157
D000215,116.44.12.250
D000304,194.88.79.54
D000082,96.115.67.230
D000022,31.127.129.152
D000232,35.220.238.127
D000014,1.7.29.72
D000129,16.51.235.240
D000357,179.43.245.131
D000199,193.217.248.188
D000374,192.95.36.246
D000582,205.69.66.135
D000657,8.244.162.185
D000589,140.212.253.222
D000108,166.7.230.111
D000537,86.103.2.29
D000700,21.190.11.223
D000073,40.192.99.27
D000007,27.143.109.203
D000531,184.146.10.88
D000248,34.169.232.37
D000139,161.161.26.115
D000517,119.163.214.161
D000637,155.19.119.0
D000223,28.149.72.129
D000676,78.100.105.143
D000203,27.215.118.94
D000460,91.204.200.167
D000183,188.205.152.176
D000214,62.27.235.199
D000315,136.104.90.223
D000029,129.102.184.189
D000440,35.67.21.23
D000666,80.92.209.207
D000652,178.34.103.183
D000548,12.246.170.239
D000551,216.151.64.40
D000103,205.45.234.42
D000485,101.90.40.193
D000295,160.74.183.38
D000571,93.170.203.44
D000519,161.25.82.11
D000167,107.247.202.71
D000221,218.238.171.184
D000417,63.67.150.226
D000419,13.88.251.53
D000450,176.96.83.253
D000609,211.97.88.141
D000235,32.13.122.242
D000191,85.240.254.83
D000214,148.25.159.90
D000507,188.205.152.176
D000158,29.168.185.63
D000411,60.166.231.236
D000209,62.152.134.92
D000210,196.121.240.10
D000651,177.116.108.246
D000534,150.231.20.169
D000374,124.180.225.109
D000556,52.196.112.199
D000207,96.115.67.230
D000563,168.55.35.243
D000149,52.1.78.30
D000453,6.44.165.160
D000136,80.92.209.207
D000503,201.114.165.141
D000014,135.29.211.116
D000385,111.226.226.202
D000388,150.231.20.169
D000611,82.75.200.117
D000257,81.102.230.41
D000482,152.234.65.155
D000221,138.210.196.19
D000583,104.80.232.55
D000508,26.240.219.199
D000470,211.42.9.0
D000623,198.73.211.114
D000056,134.222.122.238
D000618,89.21.156.229
D000663,134.247.5.188
D000476,50.202.8.53
D000453,207.157.126.125
D000231,125.89.163.224
D000217,164.75.163.220
D000526,191.82.103.198
D000641,112.56.160.202
D000206,98.39.212.221
D000484,85.239.236.80
D000278,146.69.70.214
D000145,52.1.78.30
D000678,192.95.36.246
D000249,41.0.10.107
D000270,162.207.77.170
D000658,217.233.219.196
D000332,138.87.180.254
D000567,158.135.64.240
D000263,21.190.11.223
D000129,93.218.115.132
D000407,198.39.35.23
D000640,173.232.121.213
D000383,125.89.163.224
D000348,171.101.134.74
D000540,132.127.5.187
D000320,82.88.241.226
D000395,89.6.100.149
D000428,64.89.183.39
D000700,63.67.150.226
D000115,24.181.236.233
D000084,14.200.197.126
D000483,166.7.230.111
D000169,171.150.178.172
D000043,192.95.36.246
D000443,195.164.171.146
D000245,216.32.4.105
D000585,150.83.4.238
D000146,152.140.239.181
D000668,155.140.33.42
D000098,83.207.115.164
D000511,86.220.59.252
D000343,121.67.144.20
D000151,200.164.13.160
D000581,109.42.41.157
D000177,23.92.205.75
D000154,100.137.90.188
D000433,55.154.161.250
D000029,40.198.240.246
D000315,26.105.49.129
D000421,189.198.67.252
D000671,166.7.230.111
D000182,45.182.28.148
D000351,45.241.13.208
D000224,201.113.165.203
D000683,38.210.156.148
D000427,178.34.103.183
D000416,87.234.36.48
D000488,165.114.224.47
D000101,157.130.28.27
D000693,57.232.212.116
D000399,143.212.47.226
D000310,104.80.232.55
D000280,138.181.222.38
D000398,120.170.93.69
D000684,119.163.214.161
D000675,104.155.121.252
D000588,14.105.144.122
D000284,2.61.10.58
D000436,62.27.235.199
D000689,140.212.253.222
D000597,47.82.77.181
D000473,48.19.99.211
D000312,210.136.14.108
D000112,91.204.200.167
D000283,92.214.76.157
D000072,59.208.79.116
D000276,76.0.164.168
D000609,176.96.83.253
D000504,112.86.148.212
D000230,173.252.44.183
D000139,77.7.223.184
D000469,116.237.223.50
D000391,77.7.223.184
D000489,197.187.216.106
D000095,186.54.68.246
D000045,9.230.41.239
D000473,29.168.185.63
D000686,59.12.96.11
D000016,136.104.90.223
D000402,4.105.134.118
D000414,214.247.164.80
D000564,70.130.169.235
D000046,156.235.3.171
D000455,211.97.88.141
D000082,49.20.211.229
D000092,117.67.192.211
D000364,64.57.44.102
D000602,157.164.245.130
D000004,72.192.101.196
D000244,147.114.91.132
D000001,66.23.166.248
D000194,57.166.147.242
D000248,175.166.115.182
D000113,63.67.150.226
D000084,157.164.245.130
D000446,198.39.35.23
D000445,137.135.250.168
D000406,134.247.5.188
D000156,116.44.12.250
D000106,169.67.220.37
D000483,189.20.224.220
D000387,69.61.96.139
D000277,161.161.26.115
D000020,143.212.47.226
D000273,76.136.92.235
D000680,200.136.146.93
D000019,93.151.52.152
D000274,105.136.156.29
D000129,3.70.1.133
D000664,83.80.89.29
D000008,180.224.54.115
D000037,53.218.177.171
D000539,210.160.90.52
D000056,153.178.166.93
D000686,198.24.183.157
D000287,146.69.70.214
D000589,93.169.212.219
D000015,65.164.3.100
D000601,148.234.210.167
D000051,37.213.85.222
D000573,57.166.147.242
D000043,72.128.135.172
D000672,112.196.12.19
D000110,220.179.173.114
D000469,120.32.147.210
D000603,199.103.32.145
D000083,97.4.209.133
D000576,20.147.6.179
D000274,101.223.82.253
D000605,219.98.242.240
D000451,26.105.49.129
D000029,74.58.165.67
D000446,34.92.221.183
D000150,196.244.194.198
D000137,42.219.228.159
D000220,112.222.0.29
D000223,91.204.200.167
D000599,162.58.247.55
D000019,30.92.249.132
D000660,188.205.152.176
D000078,200.13.225.150
D000234,167.164.55.0
D000445,147.227.81.224
D000271,146.69.70.214
D000386,204.34.243.93
D000694,80.92.209.207
D000016,49.172.82.247
D000623,32.71.250.58
D000540,113.115.81.178
D000670,59.127.135.25
D000140,113.115.81.178
D000514,100.4.40.132
D000268,157.130.28.27
D000102,161.71.2.223
D000461,203.197.235.35
D000124,70.130.169.235
D000317,90.111.245.138
D000160,6.234.101.35
D000077,219.96.187.255
D000264,210.136.14.108
D000444,56.89.80.133
D000548,217.233.219.196
D000593,195.237.152.198
D000549,25.188.196.47
D000537,198.166.198.233
D000137,206.84.69.39
D000293,146.47.189.38
D000286,166.41.54.117
D000031,30.92.249.132
D000079,39.163.103.27
D000373,167.104.180.235
D000606,59.208.79.116
D000215,141.201.46.191
D000220,146.47.189.38
D000501,55.139.104.163
D000430,190.251.45.32
D000315,112.196.12.19
D000242,143.212.47.226
D000229,188.225.207.71
D000277,163.58.140.206
D000630,28.149.72.129
D000123,84.237.126.96
D000563,141.241.241.128
D000162,206.84.69.39
D000039,185.23.87.107
D000116,141.241.241.128
D000128,13.149.61.4
D000410,162.58.247.55
D000181,203.197.235.35
D000620,110.150.1.201
D000113,64.57.44.102
D000422,35.73.67.98
D000403,170.54.231.239
D000563,7.105.184.86
D000663,34.86.220.205
D000602,147.119.62.178
D000697,32.13.122.242
D000457,214.67.148.245
D000098,93.170.203.44
D000175,142.184.68.230
D000483,210.160.90.52
D000195,42.219.228.159
D000051,216.32.4.105
D000551,200.136.146.93
D000418,219.98.242.240
D000667,83.207.115.164
D000391,86.220.59.252
D000130,187.52.200.18
D000503,187.199.178.27
D000660,60.89.202.192
D000419,20.147.6.179
D000095,198.73.211.114
D000665,94.227.164.192
D000151,122.94.26.104
D000602,16.128.130.153
D000275,135.29.211.116
D000277,148.112.151.27
D000635,89.237.88.251
D000195,200.136.146.93
D000216,16.128.130.153
D000283,54.252.249.33
D000604,3.77.114.6
D000484,151.247.130.190
D000589,134.140.85.231
D000474,28.149.72.129
D000422,173.135.78.201
D000024,154.138.163.229
D000295,136.105.231.135
D000452,142.148.226.178
D000633,164.75.163.220
D000309,200.136.146.93
D000649,1.198.76.182
D000632,51.196.87.214
D000131,134.140.85.231
D000165,45.246.89.225
D000650,100.198.165.4
D000002,56.67.227.142
D000264,135.29.211.116
D000218,40.10.25.102
D000354,178.34.103.183
D000533,199.103.32.145
D000141,83.182.211.68
D000038,23.255.214.209
D000462,77.7.223.184
D000417,191.82.103.198
D000432,83.207.115.164
D000034,40.192.99.27
D000029,87.50.72.69
D000558,93.169.212.219
D000380,173.252.44.183
D000570,49.29.37.185
D000690,89.6.100.149
D000350,197.187.216.106
D000673,96.24.89.146
D000542,69.82.61.135
D000198,17.87.7.140
D000479,64.15.0.66
D000546,162.151.179.167
D000401,59.132.247.252
D000434,144.91.150.133
D000278,21.97.154.92
D000061,156.173.170.140
D000321,112.56.160.202
D000094,44.197.126.59
D000677,110.150.1.201
D000164,221.206.44.63
D000037,85.239.236.80
D000611,142.148.226.178
D000403,100.137.90.188
D000673,48.89.167.189
D000096,219.98.242.240
D000680,134.222.122.238
D000631,194.88.79.54
D000388,62.251.170.72
D000271,112.86.148.212
D000119,161.161.26.115
D000404,195.226.203.234
D000441,167.164.55.0
D000046,52.169.116.164
D000013,166.79.195.157
D000485,211.42.9.0
D000535,31.127.129.152
D000051,81.248.235.147
D000053,139.23.212.102
D000589,219.31.152.129
D000182,161.168.126.136
D000352,154.48.233.165
D000140,158.135.64.240
D000006,177.116.108.246
D000422,32.71.250.58
D000244,171.101.134.74
D000079,152.234.65.155
D000574,133.223.159.151
D000617,189.248.139.91
D000531,80.247.6.83
D000102,144.91.150.133
D000645,68.254.244.208
D000101,197.23.128.119
D000023,110.243.14.36
D000560,152.140.239.181
D000225,170.225.23.251
D000478,218.54.207.160
D000205,90.111.245.138
D000270,47.82.77.181
D000483,157.47.114.20
D000353,51.250.122.123
D000101,38.210.156.148
D000100,73.54.203.165
D000484,38.166.40.246
D000378,97.4.209.133
D000628,221.23.158.87
D000222,13.30.106.126
D000658,207.157.126.125
D000362,130.92.201.49
D000188,113.21.93.28
D000032,60.153.124.80
D000559,5.252.94.135
D000461,10.191.172.154
D000449,187.52.200.18
D000692,104.155.121.252
D000002,215.97.143.157
D000393,24.129.74.189
D000379,147.125.143.41
D000060,160.160.113.117
D000367,16.51.235.240
D000008,4.101.189.38
D000542,40.198.240.246
D000431,11.167.243.171
D000066,56.116.189.0
D000075,195.237.152.198
D000693,205.69.66.135
D000389,45.64.74.86
D000643,28.149.72.129
D000359,147.125.143.41
D000088,198.24.183.157
D000632,190.164.160.79
D000172,55.154.161.250
D000467,119.105.89.125
D000329,76.0.164.168
D000669,201.95.180.152
D000153,62.152.134.92
D000532,91.204.200.167
D000203,115.30.82.168
D000142,19.111.192.175
D000388,81.248.235.147
D000065,81.102.230.41
D000058,140.94.123.72
D000056,34.125.226.63
D000099,197.23.128.119
D000393,139.23.212.102
D000054,210.98.198.143
D000225,147.119.62.178
D000196,163.58.140.206
D000399,128.16.32.183
D000466,109.105.179.186
D000449,196.244.194.198
D000626,11.167.243.171
D000549,199.6.127.153
D000688,16.51.235.240
D000420,11.188.75.155
D000025,162.151.179.167
D000141,73.108.76.238
D000446,37.227.215.145
D000421,190.164.160.79
D000120,31.127.129.152
D000123,170.225.23.251
D000565,44.197.126.59
D000405,134.140.85.231
D000102,99.205.173.118
D000105,156.96.135.18
D000646,20.147.6.179
D000191,207.157.126.125
D000452,121.67.144.20
D000134,51.196.87.214
D000629,183.39.94.209
D000400,16.94.155.46
D000374,78.69.172.205
D000498,165.35.58.173
D000184,6.44.165.160
D000027,218.238.171.184
D000455,81.248.235.147
D000127,191.25.177.160
D000097,3.77.114.6
D000637,40.244.94.218
D000264,193.221.15.59
D000090,35.67.21.23
D000129,77.21.150.75
D000094,9.230.41.239
D000281,13.188.62.74
D000093,145.76.10.8
D000425,143.212.47.226
D000649,167.67.137.223
D000646,104.165.213.58
D000584,167.67.137.223
D000264,182.84.41.229
D000226,112.196.12.19
D000269,56.116.189.0
D000476,35.246.53.10
D000516,219.98.242.240
D000100,9.230.41.239
D000494,23.92.205.75
D000024,134.222.122.238
D000463,194.88.79.54
D000597,90.111.245.138
D000320,120.170.93.69
D000068,61.95.76.233
D000681,121.67.144.20
D000048,113.115.81.178
D000221,63.191.171.41
D000232,42.219.228.159
D000532,160.212.125.105
D000618,16.51.235.240
D000234,11.167.243.171
D000208,72.192.101.196
D000187,77.7.223.184
D000141,87.234.36.48
D000695,41.110.46.150
D000117,197.52.3.107
D000232,86.220.59.252
D000653,19.228.76.177
D000108,60.43.160.195
D000081,163.129.70.210
D000554,141.241.241.128
D000577,57.141.198.111
D000663,166.79.195.157
D000547,144.91.150.133
D000288,57.232.212.116
D000501,38.164.132.63
D000663,211.45.75.44
D000116,142.184.68.230
D000604,93.169.212.219
D000430,38.210.156.148
D000165,30.229.179.194
D000118,149.84.108.18
D000307,160.65.101.37
D000384,93.52.44.101
D000003,53.131.194.183
D000041,93.146.251.20
D000274,135.73.131.111
D000618,197.23.128.119
D000597,54.252.249.33
D000413,105.136.156.29
D000241,196.121.240.10
D000251,3.200.166.167
D000443,99.205.173.118
D000159,42.61.10.112
D000009,24.148.92.177
D000661,32.71.250.58
D000096,217.233.219.196
D000272,49.174.157.140
D000674,77.208.193.198
D000058,219.31.152.129
D000088,4.101.189.38
D000172,66.255.7.16
D000083,45.241.13.208
D000688,56.89.80.133
D000695,146.69.70.214
D000077,43.98.242.106
D000670,187.223.139.194
D000284,40.244.94.218
D000432,44.67.137.125
D000469,196.244.194.198
D000221,134.222.122.238
D000444,7.28.148.225
D000337,6.204.110.7
D000645,155.140.33.42
D000172,216.32.4.105
D000330,48.19.99.211
D000266,166.79.195.157
D000454,38.210.156.148
D000647,139.23.212.102
D000676,166.79.195.157
D000493,200.136.146.93
D000070,94.37.250.128
D000444,49.31.186.82
D000163,166.41.54.117
D000274,189.168.172.41
D000630,49.31.186.82
D000172,211.97.88.141
D000497,199.103.32.145
D000622,47.82.77.181
D000046,104.155.121.252
D000573,34.86.220.205
D000477,189.198.67.252
D000590,80.155.14.197
D000517,90.111.245.138
D000308,207.157.126.125
D000461,175.230.206.232
D000122,188.225.207.71
D000524,80.155.14.197
D000645,215.97.143.157
D000487,10.223.224.50
D000700,28.149.72.129
D000127,161.177.41.214
D000566,86.220.59.252
D000112,112.196.12.19
D000358,213.207.62.176
D000227,20.147.6.179
D000587,214.67.148.245
D000195,112.56.160.202
D000086,165.35.58.173
D000581,106.244.1.47
D000054,215.97.143.157
D000494,52.1.78.30
D000401,216.151.64.40
D000599,218.83.2.94
D000564,36.13.239.172
D000598,3.200.166.167
D000408,44.73.3.217
D000076,18.72.115.111
D000112,41.82.55.163
D000638,142.148.226.178
D000438,47.167.178.158
D000585,82.88.241.226
D000114,162.198.218.92
D000471,147.125.143.41
D000566,92.180.81.50
D000499,35.73.67.98
D000415,196.121.240.10
D000224,81.102.230.41
D000073,69.160.14.157
D000493,93.169.212.219
D000513,15.176.70.194
D000203,41.0.10.107
D000449,223.32.70.156
D000682,184.59.28.72
D000604,190.92.63.219
D000105,217.233.219.196
D000041,35.67.21.23
D000185,76.0.164.168
D000626,34.86.220.205
D000641,82.115.199.37
D000060,119.163.214.161
D000374,11.167.243.171
D000099,186.135.2.148
D000515,187.199.178.27
D000362,214.125.131.88
D000647,113.137.153.101
D000133,107.248.120.12
D000081,56.89.80.133
D000071,112.222.0.29
D000214,166.41.54.117
D000651,5.50.152.168
D000369,19.20.13.234
D000593,44.73.3.217
D000240,49.31.186.82
D000005,193.221.15.59
D000640,18.72.115.111
D000642,101.120.142.50
D000539,219.98.242.240
D000075,21.190.11.223
D000228,201.95.180.152
D000531,16.128.130.153
D000660,205.45.234.42
D000643,24.129.74.189
D000059,105.87.212.115
D000561,184.57.159.204
D000270,204.120.80.105
D000554,184.185.209.72
D000377,57.232.212.116
D000644,16.94.155.46
D000608,199.103.32.145
D000472,38.164.132.63
D000518,173.232.121.213
D000266,46.150.175.171
D000228,205.45.234.42
D000150,39.129.125.110
D000442,173.232.121.213
D000079,74.58.165.67
D000227,134.140.85.231
D000551,14.200.197.126
D000263,86.220.59.252
D000314,9.230.41.239
D000674,167.95.191.52
D000265,142.160.124.244
D000295,96.162.11.85
D000156,6.204.110.7
D000129,219.98.242.240
D000334,37.213.85.222
D000046,184.4.253.143
D000371,175.210.47.87
D000494,213.207.62.176
D000218,186.135.2.148
D000209,160.212.125.105
D000276,79.227.202.117
D000356,3.200.166.167
D000069,135.73.131.111
D000138,170.99.15.217
D000098,80.90.35.146
D000055,8.244.162.185
D000105,189.248.139.91
D000413,179.132.235.182
D000667,79.47.176.19
D000429,32.169.88.41
D000685,150.231.20.169
D000671,136.172.149.77
D000353,48.89.167.189
D000652,148.234.210.167
D000052,47.167.178.158
D000532,10.223.224.50
D000418,14.200.197.126
D000450,162.207.77.170
D000389,146.53.16.47
D000315,13.188.62.74
D000074,57.141.198.111
D000304,66.255.7.16
D000369,96.115.67.230
D000496,77.92.193.22
D000090,184.185.209.72
D000527,134.222.122.238
D000689,124.180.225.109
D000268,52.1.78.30
D000560,207.157.126.125
D000434,190.92.63.219
D000110,221.169.49.152
D000317,204.120.80.105
D000319,91.204.200.167
D000044,167.67.137.223
D000682,133.223.159.151
D000251,107.247.202.71
D000245,106.244.1.47
D000697,87.234.36.48
D000135,54.252.249.33
D000317,89.237.88.251
D000660,218.83.2.94
D000464,141.241.241.128
D000069,40.244.94.218
D000035,184.146.10.88
D000373,6.44.165.160
D000163,137.33.78.168
D000203,198.73.211.114
D000487,137.33.78.168
D000527,93.146.251.20
D000445,6.44.165.160
D000480,219.193.239.152
D000648,186.54.68.246
D000437,88.55.149.101
D000033,169.67.220.37
D000103,188.124.181.12
D000042,189.20.224.220
D000484,159.37.30.154
D000651,147.119.62.178
D000248,197.162.55.147
D000377,161.25.82.11
D000640,221.23.158.87
D000530,38.164.132.63
D000028,211.45.75.44
D000082,120.16.186.17
D000667,14.200.197.126
D000285,120.32.147.210
D000242,200.22.195.243
D000536,156.187.182.236
D000294,190.164.160.79
D000063,197.23.128.119
D000416,145.246.171.225
D000422,94.37.250.128
D000589,115.241.186.164
D000104,57.166.147.242
D000222,201.114.165.141
D000116,100.4.40.132
D000102,155.37.19.43
D000360,179.43.245.131
D000638,168.36.49.167
D000027,31.75.105.19
D000038,193.190.29.63
D000622,176.96.83.253
D000646,116.43.88.219
D000310,5.252.94.135
D000548,78.69.172.205
D000514,81.248.235.147
D000441,155.37.19.43
D000292,214.32.109.197
D000271,119.163.214.161
D000674,39.129.125.110
D000649,210.136.14.108
D000649,86.103.2.29
D000485,186.135.2.148
D000359,147.94.242.35
D000621,11.188.75.155
D000311,198.24.183.157
D000211,200.136.146.93
D000253,37.227.215.145
D000595,42.3.3.101
D000503,80.75.92.66
D000158,53.131.194.183
D000092,195.164.171.146
D000038,148.42.122.1
D000653,101.90.40.193
D000409,196.121.240.10
D000151,160.160.113.117
D000344,167.67.137.223
D000529,170.54.231.239
D000242,205.69.66.135
D000168,116.237.223.50
D000327,131.41.45.13
D000044,92.180.81.50
D000149,11.3.59.231
D000661,191.91.45.159
D000097,215.97.143.157
D000033,188.77.83.72
D000471,40.226.196.34
D000638,161.177.41.214
D000102,138.220.61.84
D000573,155.19.119.0
D000034,156.134.123.253
D000034,189.198.67.252
D000317,133.67.250.163
D000176,12.246.170.239
D000269,44.67.137.125
D000573,84.237.126.96
D000579,174.61.77.54
D000551,113.21.93.28
D000226,77.208.193.198
D000499,171.150.178.172
D000430,65.27.212.129
D000469,31.127.129.152
D000411,167.164.55.0
D000376,34.169.232.37
D000411,27.215.118.94
D000007,57.232.212.116
D000697,32.13.122.242
D000079,48.31.196.24
D000219,152.140.239.181
D000064,136.250.159.93
D000614,147.234.20.46
D000273,122.94.26.104
D000574,97.106.5.76
D000037,52.1.78.30
D000602,101.90.40.193
D000273,149.84.108.18
D000382,32.13.122.242
D000124,189.183.50.147
D000235,200.136.146.93
D000515,110.247.153.70
D000680,161.25.82.11
D000210,49.31.186.82
D000325,219.219.117.136
D000273,6.204.110.7
D000591,6.204.110.7
D000124,136.162.111.135
D000142,45.182.28.148
D000522,77.7.223.184
D000634,221.206.44.63
D000501,147.227.81.224
D000180,141.201.46.191
D000245,201.114.165.141
D000420,59.132.247.252
D000057,66.255.7.16
D000474,49.29.37.185
D000624,52.50.209.49
D000040,190.92.63.219
D000515,149.84.108.18
D000697,49.20.211.229
D000253,34.169.232.37
D000365,193.217.248.188
D000221,44.73.3.217
D000617,221.23.158.87
D000682,116.175.11.222
D000618,201.113.165.203
D000153,73.156.208.26
D000552,10.223.224.50
D000376,170.99.15.217
D000006,93.146.251.20
D000045,93.52.44.101
D000647,27.215.118.94
D000345,112.86.148.212
D000505,119.43.28.203
D000202,5.50.152.168
D000271,200.136.146.93
D000059,96.162.11.85
D000669,72.128.135.172
D000232,217.82.46.37
D000318,21.97.154.92
D000279,32.169.88.41
D000684,40.10.25.102
D000182,138.210.196.19
D000453,190.164.160.79
D000332,45.64.74.86
D000141,210.228.226.64
D000373,163.129.70.210
D000235,94.227.164.192
D000489,77.208.193.198
D000663,165.114.224.47
D000663,184.146.10.88
D000100,19.20.13.234
D000273,110.247.153.70
D000601,105.87.212.115
D000589,48.89.167.189
D000295,221.105.243.251
D000063,121.67.144.20
D000147,138.210.196.19
D000298,144.91.150.133
D000046,81.67.222.238
D000022,40.45.69.120
D000669,130.29.230.16
D000547,199.103.32.145
D000279,213.15.9.253
D000519,168.55.35.243
D000391,182.84.41.229
D000270,72.192.101.196
D000362,82.115.199.37
D000550,116.106.207.139
D000376,116.43.88.219
D000063,40.45.69.120
D000393,143.212.47.226
D000324,107.247.202.71
D000083,49.29.37.185
D000304,4.105.134.118
D000214,221.105.243.251
D000476,35.67.21.23
D000501,129.102.184.189
D000112,219.193.239.152
D000061,168.55.199.214
D000655,136.105.231.135
D000466,185.23.87.107
D000440,42.61.10.112
D000516,133.63.96.21
D000388,160.212.125.105
D000299,39.129.125.110
D000198,196.244.194.198
D000110,186.57.149.225
D000679,46.150.175.171
D000286,8.244.162.185
D000075,161.161.26.115
D000441,16.94.155.46
D000002,175.166.115.182
D000236,41.82.55.163
D000290,35.220.238.127
D000548,180.224.54.115
D000010,7.28.148.225
D000380,58.1.27.124
D000128,52.1.78.30
D000449,187.52.200.18
D000388,214.247.164.80
D000649,219.219.117.136
D000129,175.166.115.182
D000612,136.172.149.77
D000327,55.154.161.250
D000127,199.6.127.153
D000215,7.146.35.122
D000442,187.223.139.194
D000133,48.89.167.189
D000591,163.58.140.206
D000450,193.108.17.115
D000628,205.45.234.42
D000610,45.64.74.86
D000136,141.121.30.32
D000457,13.188.62.74
D000535,82.88.241.226
D000422,156.134.123.253
D000635,32.71.250.58
D000263,105.87.212.115
D000332,62.27.235.199
D000329,198.39.35.23
D000160,140.94.123.72
D000335,24.181.236.233
D000309,87.50.72.69
D000502,147.119.62.178
D000193,186.135.2.148
D000602,189.248.139.91
D000321,213.15.9.253
D000074,41.82.55.163
D000138,35.246.53.10
D000641,210.136.14.108
D000183,160.212.125.105
D000430,137.33.78.168
D000402,199.59.68.207
D000383,36.77.94.252
D000347,165.114.224.47
D000347,193.217.248.188
D000540,150.231.20.169
D000658,100.128.70.210
D000560,195.237.152.198
D000322,180.224.54.115
D000217,42.61.10.112
D000686,11.167.243.171
D000165,151.247.130.190
D000077,154.138.163.229
D000387,145.246.171.225
D000407,93.160.83.196
D000258,221.169.49.152
D000310,105.87.212.115
D000423,155.164.18.235
D000001,117.67.192.211
D000384,40.10.25.102
D000430,115.30.82.168
D000028,51.250.46.149
D000144,104.155.121.252
D000424,40.192.99.27
D000345,35.73.67.98
D000281,155.37.19.43
D000105,157.164.245.130
D000356,58.190.9.136
D000436,49.31.186.82
D000033,153.178.166.93
D000005,3.102.127.165
D000181,1.98.25.114
D000574,166.41.54.117
D000309,150.231.20.169
D000019,203.174.215.229
D000017,43.98.242.106
D000037,45.64.74.86
D000346,199.59.68.207
D000249,190.164.160.79
D000359,195.164.171.146
D000649,168.55.199.214
D000384,104.155.121.252
D000147,101.120.142.50
D000108,171.101.134.74
D000242,200.13.225.150
D000659,207.157.126.125
D000493,83.207.115.164
D000135,77.208.193.198
D000631,218.54.207.160
D000150,182.225.2.156
D000300,106.244.1.47
D000246,214.67.148.245
D000577,34.86.220.205
D000028,58.190.9.136
D000443,100.4.40.132
D000406,173.252.44.183
D000668,125.225.212.244
D000567,23.163.145.195
D000471,54.252.249.33
D000619,56.116.189.0
D000641,147.114.91.132
D000288,23.255.214.209
D000470,130.92.201.49
D000069,152.234.65.155
D000089,133.67.250.163
D000215,221.206.44.63
D000174,40.10.25.102
D000642,157.47.114.20
D000322,76.136.92.235
D000255,16.94.155.46
D000412,6.204.110.7
D000137,64.57.44.102
D000315,106.244.1.47
D000103,73.54.203.165
D000419,205.45.234.42
D000280,47.82.77.181
D000088,144.228.168.6
D000004,144.91.150.133
D000196,119.43.28.203
D000627,73.108.76.238
D000158,1.198.76.182
D000487,166.79.195.157
D000618,119.43.28.203
D000523,130.29.230.16
D000228,136.162.111.135
D000202,82.115.199.37
D000488,25.188.196.47
D000384,195.237.152.198
D000300,146.53.16.47
D000037,193.83.0.183
D000137,49.174.157.140
D000309,148.112.151.27
D000545,175.210.47.87
D000439,161.25.82.11
D000050,146.69.70.214
D000176,168.55.199.214
D000670,37.227.215.145
D000643,141.241.241.128
D000406,58.190.9.136
D000290,79.47.176.19
D000593,113.137.153.101
D000073,207.157.126.125
D000099,133.63.96.21
D000179,81.248.235.147
D000211,221.23.158.87
D000668,109.105.179.186
D000286,174.61.77.54
D000416,85.191.79.161
D000469,151.247.130.190
D000126,200.13.225.150
D000133,166.41.54.117
D000238,38.210.156.148
D000050,61.95.76.233
D000577,49.20.211.229
D000614,116.106.207.139
D000569,5.74.9.122
D000243,193.83.0.183
D000507,136.250.159.93
D000063,200.136.146.93
D000358,86.83.61.143
D000498,152.140.239.181
D000035,177.172.184.163
D000290,116.43.88.219
D000067,152.140.239.181
D000157,175.210.47.87
D000526,104.165.213.58
D000216,69.82.61.135
D000294,173.135.78.201
D000150,47.167.178.158
D000475,48.31.196.24
D000431,115.96.94.156
D000010,50.202.8.53
D000640,60.166.231.236
D000386,197.23.128.119
D000117,4.134.78.167
D000644,181.223.246.123
D000255,110.150.1.201
D000008,199.103.32.145
D000639,77.208.193.198
D000435,152.234.65.155
D000113,210.160.90.52
D000546,148.25.159.90
D000052,115.241.186.164
D000347,24.148.92.177
D000296,59.127.135.25
D000674,16.128.130.153
D000467,148.181.195.227
D000609,163.129.70.210
D000239,115.30.82.168
D000140,70.130.169.235
D000218,79.227.202.117
D000057,116.106.207.139
D000513,40.192.99.27
D000096,156.134.123.253
D000198,91.103.147.166
D000083,64.57.44.102
D000292,28.120.130.118
D000672,125.225.212.244
D000067,77.7.223.184
D000499,82.115.199.37
D000041,186.135.2.148
D000493,175.230.206.232
D000600,106.244.1.47
D000088,154.138.163.229
D000521,80.90.35.146
D000649,59.12.96.11
D000305,98.39.212.221
D000015,34.92.221.183
D000398,189.198.67.252
D000663,19.20.13.234
D000082,193.108.17.115
D000002,63.82.133.139
D000169,112.86.148.212
D000137,1.238.163.61
D000149,145.76.10.8
D000023,146.250.144.172
D000112,32.240.176.64
D000103,199.199.60.222
D000133,45.64.74.86
D000517,173.135.78.201
D000682,93.151.52.152
D000193,17.36.132.202
D000316,189.20.224.220
D000693,58.190.9.136
D000399,158.129.49.240
D000049,60.166.231.236
D000692,23.163.145.195
D000057,69.82.61.135
D000086,175.210.47.87
D000636,8.243.4.138
D000504,141.169.67.34
D000294,201.95.180.152
D000180,194.29.57.163
D000250,116.175.11.222
D000045,150.83.4.238
D000493,174.61.77.54
D000184,13.88.251.53
D000326,107.247.202.71
D000422,44.197.126.59
D000309,179.132.235.182
D000351,150.25.200.56
D000596,113.134.242.82
D000035,133.63.96.21
D000004,77.21.150.75
D000625,8.244.162.185
D000117,167.164.55.0
D000106,193.209.134.233
D000239,60.197.167.40
D000009,144.91.150.133
D000013,147.234.20.46
D000237,180.224.54.115
D000627,184.59.28.72
D000078,98.255.160.110
D000065,201.113.165.203
D000376,20.147.6.179
D000287,214.67.148.245
D000359,141.201.46.191
D000477,214.32.109.197
D000353,49.29.37.185
D000472,147.227.81.224
D000080,19.228.76.177
D000361,156.96.135.18
D000643,36.77.94.252
D000335,6.234.101.35
D000354,129.102.184.189
D000399,157.130.28.27
D000072,74.58.165.67
D000674,200.13.225.150
D000203,76.0.164.168
D000530,116.106.207.139
D000024,23.163.145.195
D000133,101.120.142.50
D000522,203.245.215.62
D000339,73.108.76.238
D000211,53.131.194.183
D000104,166.41.54.117
D000316,172.184.35.29
D000637,130.29.230.16
D000363,55.154.161.250
D000379,184.4.253.143
D000113,101.223.82.253
D000013,8.136.178.116
D000248,28.149.72.129
D000014,155.37.19.43
D000416,21.97.154.92
D000121,62.27.235.199
D000404,1.198.76.182
D000069,49.174.157.140
D000377,59.127.135.25
D000353,167.95.191.52
D000451,191.25.177.160
D000626,135.73.131.111
D000657,57.166.147.242
D000696,201.114.165.141
D000317,49.172.82.247
D000442,19.20.13.234
D000674,77.21.150.75
D000537,131.41.45.13
D000044,51.250.46.149
D000122,59.12.96.11
D000018,203.99.96.114
D000501,63.191.171.41
D000076,21.28.32.1
D000255,76.136.92.235
D000649,148.112.151.27
D000470,49.31.186.82
D000280,172.111.76.65
D000128,66.226.179.193
D000380,167.104.180.235
D000189,41.82.55.163
D000379,7.105.184.86
D000011,156.96.135.18
D000122,17.36.132.202
D000509,51.196.87.214
D000211,107.247.202.71
D000572,113.134.242.82
D000474,49.31.186.82
D000072,49.31.186.82
D000605,6.204.110.7
D000626,165.35.58.173
D000381,125.89.163.224
D000320,203.174.215.229
D000627,23.255.214.209
D000264,214.67.148.245
D000474,72.128.135.172
D000144,161.195.172.148
D000696,171.150.178.172
D000456,147.114.91.132
D000577,180.224.54.115
D000059,100.4.40.132
D000624,120.32.147.210
D000246,141.121.30.32
D000079,192.95.36.246
D000310,44.197.126.59
D000408,175.210.47.87
D000527,211.45.75.44
D000515,10.191.172.154
D000227,218.238.171.184
D000443,37.143.57.20
D000507,77.21.150.75
D000496,62.152.134.92
D000164,214.67.148.245
D000407,80.75.92.66
D000301,64.15.0.66
D000175,9.230.41.239
D000554,202.21.120.44
D000499,80.75.92.66
D000525,215.97.143.157
D000233,76.136.92.235
D000327,164.75.163.220
D000321,190.251.45.32
D000638,49.31.186.82
D000095,150.83.4.238
D000195,138.87.180.254
D000275,65.149.11.248
D000528,10.191.172.154
D000362,177.116.108.246
D000417,193.221.15.59
D000638,66.226.179.193
D000340,9.230.41.239
D000266,3.77.114.6
D000584,17.87.7.140
D000377,151.247.130.190
D000185,89.21.156.229
D000503,92.214.76.157
D000160,98.255.160.110
D000289,168.55.199.214
D000424,105.87.212.115
D000213,106.244.1.47
D000475,93.160.83.196
D000629,32.71.250.58
D000673,219.31.152.129
D000044,89.237.88.251
D000697,45.182.28.148
D000690,199.6.127.153
D000320,45.182.28.148
D000229,170.154.69.105
D000133,189.20.224.220
D000553,136.172.149.77
D000377,101.223.82.253
D000386,148.25.159.90
D000307,97.106.5.76
D000674,83.80.89.29
D000016,160.212.125.105
D000670,200.136.146.93
D000503,64.15.0.66
D000485,10.144.131.89
D000083,194.29.57.163
D000444,78.69.172.205
D000064,12.246.170.239
D000381,63.191.171.41
D000350,34.86.220.205
D000633,173.252.44.183
D000345,64.15.0.66
D000183,17.36.132.202
D000556,141.241.241.128
D000647,21.190.11.223
D000573,156.96.135.18
D000254,98.255.160.110
D000350,184.185.209.72
D000498,41.82.55.163
D000039,110.247.153.70
D000256,65.164.3.100
D000219,218.54.207.160
D000136,7.105.184.86
D000380,78.69.172.205
D000531,210.228.226.64
D000256,188.225.207.71
D000225,133.63.96.21
D000244,81.102.230.41
D000548,219.193.239.152
D000536,133.67.250.163
D000429,116.237.223.50
D000184,32.240.176.64
D000568,32.240.176.64
D000333,198.166.198.233
D000115,21.28.32.1
D000349,139.23.212.102
D000560,7.146.35.122
D000208,3.11.254.2
D000084,219.98.242.240
D000530,110.235.207.187
D000385,84.237.126.96
D000670,86.83.61.143
D000552,194.174.252.1
D000560,50.202.8.53
D000172,214.125.131.88
D000559,216.79.134.201
D000456,221.169.49.152
D000176,200.164.13.160
D000599,97.4.209.133
D000293,164.75.163.220
D000609,105.6.30.244
D000014,166.79.195.157
D000397,184.146.10.88
D000575,219.98.242.240
D000602,81.248.235.147
D000156,145.179.219.57
D000215,49.20.211.229
D000548,71.93.189.160
D000207,82.51.236.134
D000200,143.212.47.226
D000074,151.247.130.190
D000531,19.111.192.175
D000463,200.13.225.150
D000691,77.208.193.198
D000031,188.225.207.71
D000693,145.246.171.225
D000596,27.93.195.98
D000259,187.52.200.18
D000365,172.184.35.29
D000202,78.69.172.205
D000328,37.143.57.20
D000384,62.251.170.72
D000191,157.47.114.20
D000087,151.247.130.190
D000316,52.50.209.49
D000700,149.84.108.18
D000426,86.220.59.252
D000582,138.87.180.254
D000545,77.92.193.22
D000038,18.72.115.111
D000007,213.15.9.253
D000217,147.119.62.178
D000506,81.222.37.186
D000197,201.113.165.203
D000352,79.47.176.19
D000685,83.80.89.29
D000677,220.179.173.114
D000204,223.32.70.156
D000038,89.237.88.251
D000206,66.255.7.16
D000022,80.58.55.129
D000465,137.33.78.168
D000047,5.252.94.135
D000378,98.39.212.221
D000066,60.89.202.192
D000238,161.161.26.115
D000574,1.198.76.182
D000039,223.189.165.37
D000435,133.63.96.21
D000569,184.185.209.72
D000315,169.67.220.37
D000056,184.4.253.143
D000361,146.69.70.214
D000409,148.181.195.227
D000445,174.61.77.54
D000608,88.55.149.101
D000311,194.29.57.163
D000165,148.112.151.27
D000253,119.199.76.61
D000269,165.38.56.205
D000451,50.202.8.53
D000042,186.54.68.246
D000383,88.55.149.101
D000073,187.199.178.27
D000670,33.212.169.157
D000012,214.67.148.245
D000078,161.168.126.136
D000032,49.174.157.140
D000419,136.162.111.135
D000359,27.215.118.94
D000434,13.88.251.53
D000091,112.56.160.202
D000187,149.84.108.18
D000340,52.50.209.49
D000687,147.114.91.132
D000351,200.164.13.160
D000069,26.240.219.199
D000142,161.71.2.223
D000051,150.83.4.238
D000081,119.163.214.161
D000549,131.41.45.13
D000129,79.227.202.117
D000348,195.226.203.234
D000549,190.251.45.32
D000413,198.24.183.157
D000364,70.130.169.235
D000582,5.252.94.135
D000187,193.217.248.188
D000426,198.39.35.23
D000381,57.141.198.111
D000588,21.122.39.207
D000302,39.163.103.27
D000415,209.214.250.164
D000356,141.169.67.34
D000101,200.164.13.160
D000008,26.105.49.129
D000203,44.73.3.217
D000617,98.39.212.221
D000668,175.166.115.182
D000514,48.31.196.24
D000268,115.241.186.164
D000344,170.225.23.251
D000619,161.177.41.214
D000504,39.129.125.110
D000364,114.115.12.20
D000369,160.160.113.117
D000625,146.53.16.47
D000405,177.116.108.246
D000524,17.87.7.140
D000339,7.146.35.122
D000451,218.54.207.160
D000582,5.74.9.122
D000179,39.129.125.110
D000594,159.37.30.154
D000311,156.173.170.140
D000288,60.89.202.192
D000534,181.223.246.123
D000371,81.67.222.238
D000535,89.18.54.235
D000639,116.44.12.250
D000199,101.223.82.253
D000132,141.169.67.34
D000096,141.121.30.32
D000460,206.168.209.111
D000003,141.201.46.191
D000037,89.6.100.149
D000602,53.218.177.171
D000669,115.30.82.168
D000603,142.160.124.244
D000458,97.106.5.76
D000622,77.7.223.184
D000527,152.234.65.155
D000335,200.136.146.93
D000681,80.75.92.66
D000041,1.198.76.182
D000250,221.23.158.87
D000290,212.220.106.248
D000190,43.98.242.106
D000515,35.220.238.127
D000688,68.254.244.208
D000413,42.3.3.101
D000532,166.41.54.117
D000547,203.174.215.229
D000655,109.42.41.157
D000413,83.80.89.29
D000119,184.59.28.72
D000287,54.252.249.33
D000547,23.255.214.209
D000187,181.223.246.123
D000047,159.37.30.154
D000250,47.82.77.181
D000326,190.152.148.249
D000377,79.227.202.117
D000026,120.16.186.17
D000406,158.135.64.240
D000411,32.169.88.41
D000205,36.13.239.172
D000690,64.89.183.39
D000635,203.99.96.114
D000341,10.223.224.50
D000128,110.64.1.201
D000549,68.254.244.208
D000632,81.156.221.124
D000518,100.137.90.188
D000489,76.0.164.168
D000179,140.94.123.72
D000447,101.90.40.193
D000340,4.134.78.167
D000603,26.105.49.129
D000354,101.90.40.193
D000456,45.124.239.44
D000616,15.176.70.194
D000264,155.140.33.42
D000330,4.101.189.38
D000484,60.153.124.80
D000443,187.52.200.18
D000142,147.114.91.132
D000344,110.64.1.201
D000255,146.69.70.214
D000004,42.3.3.101
D000499,200.13.225.150
D000645,156.187.182.236
D000194,152.140.239.181
D000282,216.151.64.40
D000256,72.192.101.196
D000697,155.37.19.43
D000621,173.232.121.213
D000072,134.222.122.238
D000343,139.23.212.102
D000210,34.125.226.63
D000670,182.84.41.229
D000150,92.180.81.50
D000297,162.58.247.55
D000616,130.29.230.16
D000428,83.182.211.68
D000037,45.64.74.86
D000633,124.6.134.78
D000358,205.45.234.42
D000414,166.79.195.157
D000050,195.237.152.198
D000043,201.113.165.203
D000108,16.250.113.156
D000560,39.163.103.27
D000047,34.125.226.63
D000409,218.54.207.160
D000110,190.164.160.79
D000149,205.45.234.42
D000699,93.146.251.20
D000337,138.210.196.19
D000248,104.80.232.55
D000332,41.110.46.150
D000376,131.41.45.13
D000245,111.78.64.133
D000166,200.136.146.93
D000217,11.188.75.155
D000479,26.113.209.69
D000082,3.102.127.165
D000321,78.100.105.143
D000145,129.108.48.116
D000389,4.105.134.118
D000428,74.58.165.67
D000617,11.3.59.231
D000412,214.125.131.88
D000395,154.138.163.229
D000357,106.140.105.35
D000110,136.104.90.223
D000048,210.136.14.108
D000286,217.233.219.196
D000116,120.170.93.69
D000042,100.198.165.4
D000221,160.74.183.38
D000652,146.250.144.172
D000536,5.74.9.122
D000619,141.241.241.128
D000183,144.228.168.6
D000409,203.245.215.62
D000334,152.140.239.181
D000280,160.160.113.117
D000677,197.187.216.106
D000496,100.198.165.4
D000243,98.39.212.221
D000304,150.83.4.238
D000097,205.69.66.135
D000170,57.141.198.111
D000659,167.104.180.235
D000502,189.20.224.220
D000434,182.84.41.229
D000311,122.94.26.104
D000057,8.243.4.138
D000025,16.128.130.153
D000261,49.29.37.185
D000682,91.204.200.167
D000035,60.89.202.192
D000471,4.134.78.167
D000137,41.110.46.150
D000070,53.218.177.171
D000578,195.164.171.146
D000485,16.131.3.140
D000255,192.95.36.246
D000312,190.92.63.219
D000168,115.241.186.164
D000099,89.237.88.251
D000334,200.164.13.160
D000441,1.98.25.114
D000160,90.111.245.138
D000516,218.238.171.184
D000314,193.217.248.188
D000510,24.181.236.233
D000002,9.230.41.239
D000588,49.31.186.82
D000579,104.155.121.252
D000614,69.160.14.157
D000546,44.67.137.125
D000538,133.63.96.21
D000687,49.20.211.229
D000315,168.55.35.243
D000335,170.54.231.239
D000218,199.59.68.207
D000563,106.244.1.47
D000553,92.214.76.157
D000146,136.172.149.77
D000333,150.25.200.56
D000168,87.50.72.69
D000657,150.25.200.56
D000214,186.57.149.225
D000018,16.250.113.156
D000231,109.42.41.157
D000257,65.27.212.129
D000268,86.103.2.29
D000334,94.88.45.190
D000504,93.160.83.196
D000301,4.101.189.38
D000260,145.76.10.8
D000545,115.241.186.164
D000312,207.157.126.125
D000159,93.218.115.132
D000383,89.18.54.235
D000668,133.63.96.21
D000274,62.27.235.199
D000431,110.64.1.201
D000627,101.90.40.193
D000498,170.154.69.105
D000445,165.114.224.47
D000636,61.95.76.233
D000655,28.120.130.118
D000502,6.44.165.160
D000005,72.192.101.196
D000658,161.177.41.214
D000331,104.155.121.252
D000147,41.110.46.150
D000122,62.152.134.92
D000098,161.177.41.214
D000671,214.125.131.88
D000402,193.217.248.188
D000059,193.83.0.183
D000362,188.77.83.72
D000142,200.13.225.150
D000679,18.92.67.57
D000228,155.140.33.42
D000636,125.225.212.244
D000054,23.92.205.75
D000153,30.229.179.194
D000101,194.29.57.163
D000007,141.121.30.32
D000640,1.98.25.114
D000626,147.234.20.46
D000431,48.89.167.189
D000308,41.0.10.107
D000531,40.192.99.27
D000024,64.15.0.66
D000175,158.129.49.240
D000572,26.113.209.69
D000072,156.173.170.140
D000193,41.0.10.107
D000062,187.52.200.18
D000236,170.99.15.217
D000097,44.197.126.59
D000119,100.137.90.188
D000088,221.105.243.251
D000551,136.105.231.135
D000527,136.172.149.77
D000479,81.67.222.238
D000074,193.209.134.233
D000193,13.30.106.126
D000445,169.67.220.37
D000020,68.254.244.208
D000214,49.29.37.185
D000431,201.113.165.203
D000320,147.119.62.178
D000452,83.182.211.68
D000125,194.88.79.54
D000181,82.75.200.117
D000285,150.83.4.238
D000058,116.175.11.222
D000162,89.6.100.149
D000590,162.151.179.167
D000560,184.4.253.143
D000319,34.86.220.205
D000352,216.31.34.238
D000417,162.58.247.55
D000255,197.52.3.107
D000053,91.103.147.166
D000583,49.10.93.200
D000697,111.78.64.133
D000290,194.88.79.54
D000162,220.179.173.114
D000627,1.238.163.61
D000621,166.41.54.117
D000305,73.108.76.238
D000500,133.63.96.21
D000030,36.13.239.172
D000663,157.47.114.20
D000669,211.42.9.0
D000606,27.215.118.94
D000600,211.45.75.44
D000553,195.226.203.234
D000348,39.163.103.27
D000624,83.207.115.164
D000015,59.208.79.116
D000154,64.15.0.66
D000671,199.103.32.145
D000450,114.115.12.20
D000521,56.89.80.133
D000442,111.226.226.202
D000259,113.134.242.82
D000631,179.43.245.131
D000183,31.127.129.152
D000394,203.197.235.35
D000471,64.89.183.39
D000490,16.131.3.140
D000010,10.191.172.154
D000444,182.225.2.156
D000410,93.160.83.196
D000439,53.218.177.171
D000678,172.111.76.65
D000143,173.232.121.213
D000653,31.75.105.19
D000230,113.137.153.101
D000392,187.199.178.27
D000547,221.206.44.63
D000324,66.255.7.16
D000039,71.93.189.160
D000338,173.135.78.201
D000189,217.233.219.196
D000280,98.39.212.221
D000526,166.79.195.157
D000664,211.97.88.141
D000006,155.19.119.0
D000282,5.50.152.168
D000421,148.234.210.167
D000637,146.250.144.172
D000397,66.255.7.16
D000184,197.23.128.119
D000139,182.84.41.229
D000451,177.172.184.163
D000405,89.18.54.235
D000686,1.238.163.61
D000017,170.154.69.105
D000154,8.244.162.185
D000681,186.57.149.225
D000332,163.69.89.200
D000509,193.190.29.63
D000391,47.167.178.158
D000441,7.146.35.122
D000046,145.179.219.57
D000602,211.45.75.44
D000560,16.94.155.46
D000654,184.146.10.88
D000220,89.18.54.235
D000562,63.67.150.226
D000163,82.75.200.117
D000328,146.250.144.172
D000473,84.237.126.96
D000549,112.86.148.212
D000326,124.180.225.109
D000175,201.95.180.152
D000014,165.143.173.165
D000485,5.50.152.168
D000180,184.57.159.204
D000507,156.187.182.236
D000050,77.92.193.22
D000626,120.170.93.69
D000202,91.204.200.167
D000650,49.20.211.229
D000414,145.179.219.57
D000032,195.164.171.146
D000218,195.164.171.146
D000520,113.137.153.101
D000211,218.238.171.184
D000021,72.128.135.172
D000379,70.130.169.235
D000619,19.228.76.177
D000433,162.151.179.167
D000386,69.160.14.157
D000283,189.248.139.91
D000441,136.104.90.223
D000032,125.89.163.224
D000665,12.240.113.200
D000493,219.98.242.240
D000201,167.95.191.52
D000044,208.142.57.37
D000058,72.192.101.196
D000301,111.226.226.202
D000630,16.250.113.156
D000334,80.75.92.66
D000539,100.128.70.210
D000646,33.28.138.82
D000101,114.223.129.47
D000232,141.241.241.128
D000617,49.10.93.200
D000574,155.19.119.0
D000145,83.80.89.29
D000580,175.166.115.182
D000107,13.149.61.4
D000167,156.96.135.18
D000302,60.153.124.80
D000631,16.250.113.156
D000492,45.241.13.208
D000203,57.166.147.242
D000484,21.122.39.207
D000534,34.125.226.63
D000440,202.194.199.70
D000299,198.166.198.233
D000159,144.228.168.6
D000616,12.240.113.200
D000544,173.135.78.201
D000400,115.196.150.105
D000462,35.67.21.23
D000700,40.10.25.102
D000363,223.189.165.37
D000413,40.226.196.34
D000183,24.148.92.177
D000214,59.132.247.252
D000195,85.239.236.80
D000334,3.70.1.133
D000482,49.20.211.229
D000453,25.188.196.47
D000315,125.89.163.224
D000594,201.114.165.141
D000682,110.235.207.187
D000386,29.168.185.63
D000166,189.183.50.147
D000504,200.22.195.243
D000656,213.15.9.253
D000390,149.46.124.220
D000451,107.248.120.12
D000508,10.223.224.50
D000123,175.230.206.232
D000270,27.93.195.98
D000544,196.244.194.198
D000622,161.71.2.223
D000138,13.88.251.53
D000026,82.75.200.117
D000290,64.15.0.66
D000135,87.50.72.69
D000168,11.167.243.171
D000119,214.247.164.80
D000482,61.95.76.233
D000650,138.220.61.84
D000396,110.150.1.201
D000225,93.160.83.196
D000066,89.18.54.235
D000452,182.84.41.229
D000652,11.188.75.155
D000254,47.82.77.181
D000355,192.163.114.167
D000501,31.127.129.152
D000285,161.71.2.223
D000345,147.119.62.178
D000232,179.43.245.131
D000211,134.222.122.238
D000378,77.92.193.22
D000195,51.250.122.123
D000402,51.250.46.149
D000490,92.180.81.50
D000644,96.24.89.146
D000443,81.67.222.238
D000289,111.226.226.202
D000608,113.137.153.101
D000410,116.43.88.219
D000165,44.67.137.125
D000451,184.185.209.72
D000047,217.82.46.37
D000144,32.169.88.41
D000280,19.20.13.234
D000204,135.73.131.111
D000665,149.84.108.18
D000227,71.93.189.160
D000005,193.190.29.63
D000139,136.172.149.77
D000565,221.169.49.152
D000530,68.254.244.208
D000203,209.214.250.164
D000698,189.20.224.220
D000428,197.187.216.106
D000353,77.92.193.22
D000281,48.31.196.24
D000687,3.11.254.2
D000292,131.41.45.13
D000111,41.82.55.163
D000170,172.111.76.65
D000504,216.79.134.201
D000105,21.97.154.92
D000392,210.98.198.143
D000690,71.93.189.160
D000539,46.150.175.171
D000032,197.187.216.106
D000593,21.122.39.207
D000029,147.227.81.224
D000550,64.15.0.66
D000380,205.69.66.135
D000299,24.129.74.189
D000196,8.136.178.116
D000133,141.241.241.128
D000669,190.92.63.219
D000294,147.125.143.41
D000055,28.149.72.129
D000395,214.32.109.197
D000576,40.244.94.218
D000243,112.66.191.48
D000447,210.98.198.143
D000594,113.137.153.101
D000614,85.240.254.83
D000244,10.144.131.89
D000494,150.231.20.169
D000443,202.194.199.70
D000430,188.205.152.176
D000667,141.201.46.191
D000432,112.196.12.19
D000579,99.205.173.118
D000585,97.4.209.133
D000606,161.168.126.136
D000095,110.64.1.201
D000321,3.11.254.2
D000187,163.58.140.206
D000043,161.195.172.148
D000614,111.226.226.202
D000383,193.221.15.59
D000690,45.241.13.208
D000053,136.250.159.93
D000074,182.84.41.229
D000046,51.250.46.149
D000369,197.23.128.119
D000142,143.212.47.226
D000172,218.83.2.94
D000540,214.67.148.245
D000479,23.92.205.75
D000236,101.90.40.193
D000672,49.172.82.247
D000198,134.140.85.231
D000282,35.67.21.23
D000413,66.23.166.248
D000210,176.96.83.253
D000171,93.52.44.101
D000582,82.51.236.134
D000142,221.169.49.152
D000519,214.67.148.245
D000243,132.127.5.187
D000604,214.247.164.80
D000541,49.31.186.82
D000207,113.137.153.101
D000499,112.56.160.202
D000531,55.139.104.163
D000210,42.219.228.159
D000513,54.252.249.33
D000515,3.77.114.6
D000310,57.141.198.111
D000328,203.245.215.62
D000390,51.250.46.149
D000339,145.179.219.57
D000201,159.37.30.154
D000398,177.172.184.163
D000320,211.42.9.0
D000448,96.162.11.85
D000608,211.97.88.141
D000269,165.35.58.173
D000418,83.80.89.29
D000630,62.152.134.92
D000174,172.111.76.65
D000449,158.135.64.240
D000584,163.69.89.200
D000553,143.212.47.226
D000167,144.228.168.6
D000346,145.76.10.8
D000652,47.167.178.158
D000599,42.219.228.159
D000171,93.115.61.201
D000678,210.228.226.64
D000017,104.155.121.252
D000185,218.54.207.160
D000031,40.45.69.120
D000396,80.75.92.66
D000073,190.164.160.79
D000551,70.130.169.235
D000091,147.125.143.41
D000008,51.196.87.214
D000407,62.27.235.199
D000686,56.116.189.0
D000196,147.227.81.224
D000421,37.213.85.222
D000698,27.93.195.98
D000362,195.226.203.234
D000490,68.254.244.208
D000575,211.45.75.44
D000638,81.222.37.186
D000164,65.124.242.67
D000250,191.91.45.159
D000300,197.162.55.147
D000277,145.246.171.225
D000513,109.211.212.135
D000586,112.196.12.19
D000555,122.30.82.244
D000676,162.207.77.170
D000338,105.87.212.115
D000239,32.71.250.58
D000244,158.129.49.240
D000356,166.41.54.117
D000395,49.29.37.185
D000652,89.18.54.235
D000249,179.43.245.131
D000164,38.166.40.246
D000281,113.201.172.36
D000092,62.27.235.199
D000181,32.71.250.58
D000512,47.82.77.181
D000469,100.198.165.4
D000391,73.156.208.26
D000481,49.20.211.229
D000159,197.162.55.147
D000149,81.222.37.186
D000419,151.247.130.190
D000315,149.46.124.220
D000564,101.223.82.253
D000039,43.98.242.106
D000217,152.140.239.181
D000383,77.7.223.184
D000419,47.167.178.158
D000517,221.169.49.152
D000481,1.7.29.72
D000573,166.79.195.157
D000302,92.90.132.79
D000511,152.234.65.155
D000277,203.170.198.177
D000484,142.184.68.230
D000561,166.79.195.157
D000076,59.145.242.13
D000284,188.205.152.176
D000287,133.67.250.163
D000643,147.234.20.46
D000545,60.197.167.40
D000260,136.250.159.93
D000573,96.162.11.85
D000184,206.168.209.111
D000656,173.135.78.201
D000129,173.135.78.201
D000429,200.136.146.93
D000438,141.121.30.32
D000034,137.33.78.168
D000667,16.131.3.140
D000697,93.115.61.201
D000334,5.50.152.168
D000080,13.149.61.4
D000203,165.35.58.173
D000606,96.24.89.146
D000106,35.67.21.23
D000225,29.168.185.63
D000264,116.237.223.50
D000459,147.119.62.178
D000017,164.75.163.220
D000211,219.219.117.136
D000428,93.170.203.44
D000271,63.82.133.139
D000342,116.43.88.219
D000598,34.169.232.37
D000691,193.221.15.59
D000079,142.148.226.178
D000573,17.36.132.202
D000256,62.152.134.92
D000515,188.205.152.176
D000109,160.65.101.37
D000612,39.129.125.110
D000288,129.108.48.116
D000252,88.55.149.101
D000470,102.203.223.1
D000384,135.73.131.111
D000283,214.32.109.197
D000472,134.247.5.188
D000153,60.43.160.195
D000241,6.44.165.160
D000216,16.250.113.156
D000657,59.208.79.116
D000440,100.4.40.132
D000427,101.223.82.253
D000645,121.67.144.20
D000119,52.196.112.199
D000157,59.127.135.25
D000599,63.191.171.41
D000008,198.73.211.114
D000162,18.72.115.111
D000420,205.45.234.42
D000132,203.99.96.114
D000006,165.143.173.165
D000652,216.32.4.105
D000498,147.114.91.132
D000306,188.124.181.12
D000027,145.246.171.225
D000082,173.135.78.201
D000058,7.105.184.86
D000495,210.98.198.143
D000356,82.51.236.134
D000534,184.185.209.72
D000333,223.32.70.156
D000370,18.92.67.57
D000451,27.93.195.98
D000354,190.152.148.249
D000401,201.95.180.152
D000336,216.79.134.201
D000279,76.0.164.168
D000453,49.29.37.185
D000654,155.140.33.42
D000489,58.1.27.124
D000545,21.190.11.223
D000652,193.217.248.188
D000050,139.23.212.102
D000295,137.135.250.168
D000336,160.65.101.37
D000287,221.23.158.87
D000662,216.31.34.238
D000626,211.45.75.44
D000564,156.187.182.236
D000134,201.95.180.152
D000191,22.196.202.183
D000280,5.50.152.168
D000698,158.129.49.240
D000514,204.120.80.105
D000159,41.82.55.163
D000099,164.75.163.220
D000485,7.28.148.225
D000326,12.71.148.184
D000239,147.234.20.46
D000202,191.91.45.159
D000476,48.89.167.189
D000038,135.29.211.116
D000100,175.230.206.232
D000463,116.43.88.219
D000247,40.192.99.27
D000275,40.198.240.246
D000673,6.44.165.160
D000697,113.201.172.36
D000023,76.136.92.235
D000219,100.137.90.188
D000125,112.222.0.29
D000213,144.228.168.6
D000441,71.93.189.160
D000434,172.111.76.65
D000120,90.111.245.138
D000558,86.83.61.143
D000042,138.181.222.38
D000444,60.89.202.192
D000297,37.143.57.20
D000035,51.196.87.214
D000109,181.223.246.123
D000529,16.128.130.153
D000495,161.195.172.148
D000216,136.172.149.77
D000030,161.168.126.136
D000034,145.179.219.57
D000312,24.148.92.177
D000001,121.67.144.20
D000111,193.108.17.115
D000610,113.201.172.36
D000342,139.23.212.102
D000174,63.191.171.41
D000287,5.252.94.135
D000608,124.6.134.78
D000179,37.143.57.20
D000078,52.1.78.30
D000561,65.149.11.248
D000387,121.67.144.20
D000535,98.255.160.110
D000075,190.251.45.32
D000639,193.190.29.63
D000622,120.170.93.69
D000191,89.6.100.149
D000621,19.20.13.234
D000333,170.225.23.251
D000013,218.238.171.184
D000238,48.19.99.211
D000543,216.32.4.105
D000033,53.218.177.171
D000375,82.75.200.117
D000405,6.234.101.35
D000441,188.225.207.71
D000199,199.6.127.153
D000022,195.237.152.198
D000376,109.42.41.157
D000132,23.255.214.209
D000422,9.230.41.239
D000005,184.185.209.72
D000438,168.55.35.243
D000512,19.228.76.177
D000044,30.229.179.194
D000114,115.96.94.156
D000558,38.210.156.148
D000344,136.162.111.135
D000642,180.224.54.115
D000326,194.174.252.1
D000272,77.21.150.75
D000599,13.30.106.126
D000302,111.78.64.133
D000594,45.241.13.208
D000045,157.47.114.20
D000496,60.153.124.80
D000113,168.128.200.203
D000293,156.235.3.171
D000072,116.106.207.139
D000311,109.42.41.157
D000171,107.248.120.12
D000202,30.92.249.132
D000220,90.111.245.138
D000582,148.42.122.1
D000140,186.54.68.246
D000672,167.95.191.52
D000616,106.244.1.47
D000365,94.37.250.128
D000620,80.92.209.207
D000200,203.245.215.62
D000032,147.114.91.132
D000045,167.164.55.0
D000686,160.65.101.37
D000236,79.227.202.117
D000444,101.90.40.193
D000533,60.166.231.236
D000502,38.210.156.148
D000550,63.82.133.139
D000029,145.1.251.175
D000128,136.172.149.77
D000565,1.198.76.182
D000391,173.135.78.201
D000073,146.69.70.214
D000430,116.44.12.250
D000685,60.89.202.192
D000134,93.218.115.132
D000238,137.135.250.168
D000407,32.169.88.41
D000603,40.45.69.120
D000677,223.32.70.156
D000548,161.25.82.11
D000193,186.54.68.246
D000068,124.6.134.78
D000555,174.61.77.54
D000146,156.134.123.253
D000511,82.75.200.117
D000670,97.106.5.76
D000390,42.61.10.112
D000092,193.190.29.63
D000567,86.83.61.143
D000453,163.129.70.210
D000193,42.3.3.101
D000195,87.50.72.69
D000631,198.166.198.233
D000280,111.226.226.202
D000420,113.115.81.178
D000438,194.88.79.54
D000319,60.197.167.40
D000582,110.247.153.70
D000216,27.93.195.98
D000058,117.67.192.211
D000361,125.225.212.244
D000281,47.82.77.181
D000504,93.52.44.101
D000412,177.116.108.246
D000506,209.214.250.164
D000521,11.3.59.231
D000371,77.208.193.198
D000381,77.21.150.75
D000177,203.174.215.229
D000214,111.226.226.202
D000501,56.89.80.133
D000559,161.195.172.148
D000005,73.156.208.26
D000269,22.196.202.183
D000107,155.140.33.42
D000110,33.28.138.82
D000699,147.227.81.224
D000056,86.220.59.252
D000188,91.204.200.167
D000587,203.170.198.177
D000031,110.64.1.201
D000066,147.119.62.178
D000684,58.1.27.124
D000427,193.190.29.63
D000353,72.192.101.196
D000497,170.225.23.251
D000673,191.25.177.160
D000295,38.210.156.148
D000052,4.105.134.118
D000451,5.74.9.122
D000269,82.51.236.134
D000254,65.124.242.67
D000202,142.160.124.244
D000389,145.76.10.8
D000299,157.47.114.20
D000321,112.86.148.212
D000224,147.114.91.132
D000219,163.129.70.210
D000110,120.16.186.17
D000531,189.183.50.147
D000625,21.157.41.17
D000410,49.174.157.140
D000095,58.1.27.124
D000634,21.190.11.223
D000215,59.127.135.25
